{"cameraMode":{"drawMode":0,"name":"Shaded","section":"Shading Mode"},"sceneLighting":true,"audioPlay":false,"sceneViewState":{"showFog":true,"showMaterialUpdate":false,"showSkybox":true,"showFlares":true,"showImageEffects":true,"showParticleSystems":true},"in2DMode":false,"pivot":{"x":-0.25480565428733828,"y":0.0993107333779335,"z":-0.09198956191539765},"rotation":{"x":0.11302659660577774,"y":-0.8750165104866028,"z":0.24670447409152986,"w":0.40088412165641787},"size":1.1350154876708985,"orthographic":false}